Time (s), Percentage Displayed
3606128970.670388, 0.000000
