Time (s), Percentage Displayed
3606129265.837635, 0.000000
