Time (s), Percentage Displayed
3606129269.220628, 0.000000
