Time (s), Percentage Displayed
3606129268.626048, 0.000000
